{
  "grid": {
    "nx": 120,
    "ny": 120,
    "dx_m": 0.0005042016806722678,
    "dy_m": 0.0005042016806722678
  },
  "thermal_substeps_per_step": 5,
  "thermal_dt_sub_s": 0.1,
  "integrated_power_doped_W_per_m": 500.0,
  "target_power_doped_W_per_m": 500.0,
  "qrf_scale_applied_final": 15.2272666323374,
  "generator_power_w": 500.0,
  "generator_transfer_efficiency": 0.02,
  "effective_depth_m": 0.02,
  "energy_doped_total_J_per_m": 180000.0,
  "mean_T_part_final_c": 199.94577271579493,
  "max_T_part_final_c": 217.44986120630404,
  "p95_T_part_final_c": 216.43151739584187,
  "p99_T_part_final_c": 217.2303803006828,
  "phase_transition_lo_c": 175.0,
  "phase_transition_hi_c": 185.0,
  "melt_reference_c": 180.0,
  "frac_part_ge_transition_lo": 0.9207317073170732,
  "frac_part_ge_transition_hi": 0.8201219512195121,
  "frac_part_ge_melt_ref": 0.875,
  "qrf_global_min_w_per_m3": 0.0,
  "qrf_global_mean_w_per_m3": 136583.71913580302,
  "qrf_global_max_w_per_m3": 26983554.117326982,
  "qrf_part_min_w_per_m3": 973280.3404435138,
  "qrf_part_mean_w_per_m3": 1499089.6002710091,
  "qrf_part_p95_w_per_m3": 2284822.7933709593,
  "qrf_part_p99_w_per_m3": 15366397.462706203,
  "qrf_part_max_w_per_m3": 26983554.117326982,
  "frac_part_at_qrf_cap_final": 0.0,
  "frac_part_at_temp_cap": 0.0,
  "ui_abs_part_final": 0.06649688839013426,
  "ui_rms_part_final": 0.08113534797606639,
  "mean_phi_part_final": 0.87475312757759,
  "frac_part_phi_gt_0p1_final": 0.9115853658536586,
  "frac_part_phi_gt_0p5_final": 0.875,
  "mean_rho_rel_part_final": 0.7636853602347312,
  "energy_conv_loss_total_J_per_m": 470.2203536850357,
  "energy_stored_part_final_J_per_m": 210016.3083262501,
  "energy_balance_residual_final_J_per_m": -30486.528679935116,
  "mean_dens_rate_part_final_per_s": 0.001667304485589155,
  "mean_kdens_ss_part_final_per_s": 2.6397739371832123e-08,
  "mean_kdens_liq_part_final_per_s": 0.00954989799762013,
  "max_dT_raw_final_c": 0.03741129798579462,
  "max_dT_used_final_c": 0.03741129798579462,
  "frac_cells_dT_clipped_final": 0.0,
  "frac_cells_dT_clipped_mean": 0.0,
  "time_final_s": 360.0
}