{
  "shape": "L_shape",
  "angles_deg": [
    0.0,
    90.0,
    180.0,
    270.0
  ],
  "magnitude": 1.0,
  "diff_sigma": 3.0,
  "config": "shape_L_shape_6min.yaml",
  "n_steps": 720,
  "ceiling_c": 250.0,
  "target_power_w_override": null,
  "metric": "sigma_T = std of T over part interior (deg C) at the CEILING-RESPECTING evaluation point (max_density snapshot if ceiling crossed, else T_phi90), FULL coupled transient",
  "strategies": {
    "baseline": {
      "sigma_T_c": 45.35198496469184,
      "mean_T_c": 190.548616644285,
      "max_T_c": 249.95752815429478,
      "p95_T_c": 244.99647416320974,
      "mean_phi": 0.646483802460388,
      "frac_phi_gt_0p5": 0.6385542168674698,
      "mean_rho": 0.6680305971856833,
      "eval_mode": "max_density_snapshot",
      "snapshot_time_s": 133.5,
      "peak_maxT_over_run_c": 426.4358017568373,
      "ceiling_respected": true,
      "energy_residual_J_per_m": 20259.192140411993,
      "energy_doped_J_per_m": 360000.0,
      "frac_cells_dT_clipped_mean": 0.0,
      "frac_cells_dT_clipped_final": 0.0,
      "time_final_s": 360.0,
      "phi90_reached_full_exposure": true,
      "max_T_part_final_c": 426.4358017568373,
      "qrf_file": "/Users/mattmccoy/GaTech Dropbox/Matthew McCoy/mattmccoy-research/research/binderjet/code/geo-prewarp/_tt_ceiling_L_shape/qrf_baseline.npy"
    },
    "turntable_noFGM": {
      "sigma_T_c": 41.75809299598156,
      "mean_T_c": 122.28459249282614,
      "max_T_c": 249.3750689523922,
      "p95_T_c": 188.46955996096085,
      "mean_phi": 0.12499768906945834,
      "frac_phi_gt_0p5": 0.1334569045412419,
      "mean_rho": 0.5539274679305172,
      "eval_mode": "max_density_snapshot",
      "snapshot_time_s": 54.0,
      "peak_maxT_over_run_c": 505.06761610841113,
      "ceiling_respected": true,
      "energy_residual_J_per_m": 21332.17511203146,
      "energy_doped_J_per_m": 359999.99999999994,
      "frac_cells_dT_clipped_mean": 1.9290123456790124e-08,
      "frac_cells_dT_clipped_final": 0.0,
      "time_final_s": 360.0,
      "phi90_reached_full_exposure": true,
      "max_T_part_final_c": 505.06761610841113,
      "qrf_file": "/Users/mattmccoy/GaTech Dropbox/Matthew McCoy/mattmccoy-research/research/binderjet/code/geo-prewarp/_tt_ceiling_L_shape/qrf_turntable_noFGM.npy"
    },
    "single_static": {
      "sigma_T_c": 40.44967694119449,
      "mean_T_c": 139.45768976665994,
      "max_T_c": 249.72855392475728,
      "p95_T_c": 200.7345003265036,
      "mean_phi": 0.17062685219207946,
      "frac_phi_gt_0p5": 0.15848007414272475,
      "mean_rho": 0.5577411801814657,
      "eval_mode": "max_density_snapshot",
      "snapshot_time_s": 66.5,
      "peak_maxT_over_run_c": 480.1992424001801,
      "ceiling_respected": true,
      "energy_residual_J_per_m": 21387.212695126073,
      "energy_doped_J_per_m": 360000.00000000006,
      "frac_cells_dT_clipped_mean": 1.9290123456790124e-08,
      "frac_cells_dT_clipped_final": 0.0,
      "time_final_s": 360.0,
      "phi90_reached_full_exposure": true,
      "max_T_part_final_c": 480.1992424001801,
      "qrf_file": "/Users/mattmccoy/GaTech Dropbox/Matthew McCoy/mattmccoy-research/research/binderjet/code/geo-prewarp/_tt_ceiling_L_shape/qrf_single_static.npy"
    },
    "avgfield_composite": {
      "sigma_T_c": 36.48381736790059,
      "mean_T_c": 126.03343147698865,
      "max_T_c": 249.32305224190017,
      "p95_T_c": 184.33243117171494,
      "mean_phi": 0.09720995407174887,
      "frac_phi_gt_0p5": 0.1010194624652456,
      "mean_rho": 0.5525499850514362,
      "eval_mode": "max_density_snapshot",
      "snapshot_time_s": 54.5,
      "peak_maxT_over_run_c": 476.27259389033287,
      "ceiling_respected": true,
      "energy_residual_J_per_m": 21640.957569206657,
      "energy_doped_J_per_m": 360000.0,
      "frac_cells_dT_clipped_mean": 1.9290123456790124e-08,
      "frac_cells_dT_clipped_final": 0.0,
      "time_final_s": 360.0,
      "phi90_reached_full_exposure": true,
      "max_T_part_final_c": 476.27259389033287,
      "qrf_file": "/Users/mattmccoy/GaTech Dropbox/Matthew McCoy/mattmccoy-research/research/binderjet/code/geo-prewarp/_tt_ceiling_L_shape/qrf_avgfield_composite.npy"
    },
    "composite_of_masks": {
      "sigma_T_c": 37.2633903655631,
      "mean_T_c": 139.6254264287396,
      "max_T_c": 249.9604763817163,
      "p95_T_c": 195.5882370371558,
      "mean_phi": 0.15153043351814346,
      "frac_phi_gt_0p5": 0.14735866543095458,
      "mean_rho": 0.5558121129554441,
      "eval_mode": "max_density_snapshot",
      "snapshot_time_s": 65.0,
      "peak_maxT_over_run_c": 459.5651369775258,
      "ceiling_respected": true,
      "energy_residual_J_per_m": 21437.745866726444,
      "energy_doped_J_per_m": 359999.99999999994,
      "frac_cells_dT_clipped_mean": 1.9290123456790124e-08,
      "frac_cells_dT_clipped_final": 0.0,
      "time_final_s": 360.0,
      "phi90_reached_full_exposure": true,
      "max_T_part_final_c": 459.5651369775258,
      "qrf_file": "/Users/mattmccoy/GaTech Dropbox/Matthew McCoy/mattmccoy-research/research/binderjet/code/geo-prewarp/_tt_ceiling_L_shape/qrf_composite_of_masks.npy"
    }
  }
}