{
  "grid": {
    "nx": 120,
    "ny": 120,
    "dx_m": 0.0005042016806722678,
    "dy_m": 0.0005042016806722678
  },
  "thermal_substeps_per_step": 5,
  "thermal_dt_sub_s": 0.1,
  "integrated_power_doped_W_per_m": 500.0,
  "target_power_doped_W_per_m": 500.0,
  "qrf_scale_applied_final": 14.562396380180703,
  "generator_power_w": 500.0,
  "generator_transfer_efficiency": 0.02,
  "effective_depth_m": 0.02,
  "energy_doped_total_J_per_m": 180000.0,
  "mean_T_part_final_c": 199.44712797537986,
  "max_T_part_final_c": 232.61706692405372,
  "p95_T_part_final_c": 218.4227598336382,
  "p99_T_part_final_c": 227.17591664144845,
  "phase_transition_lo_c": 175.0,
  "phase_transition_hi_c": 185.0,
  "melt_reference_c": 180.0,
  "frac_part_ge_transition_lo": 0.9161490683229814,
  "frac_part_ge_transition_hi": 0.7950310559006211,
  "frac_part_ge_melt_ref": 0.860248447204969,
  "qrf_global_min_w_per_m3": 0.0,
  "qrf_global_mean_w_per_m3": 136583.71913580302,
  "qrf_global_max_w_per_m3": 24318028.291866366,
  "qrf_part_min_w_per_m3": 916004.6885635062,
  "qrf_part_mean_w_per_m3": 1527022.94685991,
  "qrf_part_p95_w_per_m3": 2033158.4483547525,
  "qrf_part_p99_w_per_m3": 19887806.86047554,
  "qrf_part_max_w_per_m3": 24318028.291866366,
  "frac_part_at_qrf_cap_final": 0.0,
  "frac_part_at_temp_cap": 0.0,
  "ui_abs_part_final": 0.07291123437084177,
  "ui_rms_part_final": 0.08843218816594896,
  "mean_phi_part_final": 0.8582697967782401,
  "frac_part_phi_gt_0p1_final": 0.9037267080745341,
  "frac_part_phi_gt_0p5_final": 0.860248447204969,
  "mean_rho_rel_part_final": 0.758411590049991,
  "energy_conv_loss_total_J_per_m": 499.2807627305167,
  "energy_stored_part_final_J_per_m": 203381.09764030555,
  "energy_balance_residual_final_J_per_m": -23880.37840303607,
  "mean_dens_rate_part_final_per_s": 0.001628046633756121,
  "mean_kdens_ss_part_final_per_s": 2.633169189570129e-08,
  "mean_kdens_liq_part_final_per_s": 0.009555440946096934,
  "max_dT_raw_final_c": 0.04693013937379332,
  "max_dT_used_final_c": 0.04693013937379332,
  "frac_cells_dT_clipped_final": 0.0,
  "frac_cells_dT_clipped_mean": 0.0,
  "time_final_s": 360.0
}