{
  "grid": {
    "nx": 120,
    "ny": 120,
    "dx_m": 0.0005042016806722678,
    "dy_m": 0.0005042016806722678
  },
  "thermal_substeps_per_step": 5,
  "thermal_dt_sub_s": 0.1,
  "integrated_power_doped_W_per_m": 500.0,
  "target_power_doped_W_per_m": 500.0,
  "qrf_scale_applied_final": 8.285026578168075,
  "generator_power_w": 500.0,
  "generator_transfer_efficiency": 0.02,
  "effective_depth_m": 0.02,
  "energy_doped_total_J_per_m": 180000.0,
  "mean_T_part_final_c": 181.3431964223717,
  "max_T_part_final_c": 238.48467109052905,
  "p95_T_part_final_c": 191.3273064214861,
  "p99_T_part_final_c": 213.3534289357162,
  "phase_transition_lo_c": 175.0,
  "phase_transition_hi_c": 185.0,
  "melt_reference_c": 180.0,
  "frac_part_ge_transition_lo": 0.8916256157635468,
  "frac_part_ge_transition_hi": 0.07635467980295567,
  "frac_part_ge_melt_ref": 0.7339901477832512,
  "qrf_global_min_w_per_m3": 0.0,
  "qrf_global_mean_w_per_m3": 136583.71913580305,
  "qrf_global_max_w_per_m3": 63436251.674096145,
  "qrf_part_min_w_per_m3": 109838.4382008763,
  "qrf_part_mean_w_per_m3": 1211087.164750963,
  "qrf_part_p95_w_per_m3": 2821029.2058021654,
  "qrf_part_p99_w_per_m3": 9862272.459460847,
  "qrf_part_max_w_per_m3": 63436251.674096145,
  "frac_part_at_qrf_cap_final": 0.0,
  "frac_part_at_temp_cap": 0.0,
  "ui_abs_part_final": 0.0262538180154817,
  "ui_rms_part_final": 0.051387282893490656,
  "mean_phi_part_final": 0.6049925463484738,
  "frac_part_phi_gt_0p1_final": 0.8694581280788177,
  "frac_part_phi_gt_0p5_final": 0.7339901477832512,
  "mean_rho_rel_part_final": 0.6165747345925436,
  "energy_conv_loss_total_J_per_m": 605.5456322031496,
  "energy_stored_part_final_J_per_m": 179895.22381888,
  "energy_balance_residual_final_J_per_m": -500.76945108314976,
  "mean_dens_rate_part_final_per_s": 0.0011723200533188872,
  "mean_kdens_ss_part_final_per_s": 1.5575727567360524e-08,
  "mean_kdens_liq_part_final_per_s": 0.004907021289448281,
  "max_dT_raw_final_c": 0.12025825278021812,
  "max_dT_used_final_c": 0.12025825278021812,
  "frac_cells_dT_clipped_final": 0.0,
  "frac_cells_dT_clipped_mean": 0.0,
  "time_final_s": 360.0,
  "turntable_rotations": [
    {
      "cum_angle_deg": 90.0,
      "event_time_s": 72.0,
      "event_time_min": 1.2
    },
    {
      "cum_angle_deg": 180.0,
      "event_time_s": 144.0,
      "event_time_min": 2.4
    },
    {
      "cum_angle_deg": 270.0,
      "event_time_s": 216.0,
      "event_time_min": 3.6
    },
    {
      "cum_angle_deg": 360.0,
      "event_time_s": 288.0,
      "event_time_min": 4.8
    }
  ],
  "turntable_total_rotation_deg": 360.0
}