{
  "grid": {
    "nx": 120,
    "ny": 120,
    "dx_m": 0.0005042016806722678,
    "dy_m": 0.0005042016806722678
  },
  "thermal_substeps_per_step": 5,
  "thermal_dt_sub_s": 0.1,
  "integrated_power_doped_W_per_m": 499.99999999999994,
  "target_power_doped_W_per_m": 500.0,
  "qrf_scale_applied_final": 9.13950165018526,
  "generator_power_w": 500.0,
  "generator_transfer_efficiency": 0.02,
  "effective_depth_m": 0.02,
  "energy_doped_total_J_per_m": 180000.0,
  "mean_T_part_final_c": 181.12467401206055,
  "max_T_part_final_c": 187.62326106213303,
  "p95_T_part_final_c": 186.89162464812225,
  "p99_T_part_final_c": 187.4568332823041,
  "phase_transition_lo_c": 175.0,
  "phase_transition_hi_c": 185.0,
  "melt_reference_c": 180.0,
  "frac_part_ge_transition_lo": 0.8691931540342298,
  "frac_part_ge_transition_hi": 0.16136919315403422,
  "frac_part_ge_melt_ref": 0.7078239608801956,
  "qrf_global_min_w_per_m3": 0.0,
  "qrf_global_mean_w_per_m3": 136583.71913580302,
  "qrf_global_max_w_per_m3": 24781381.568582196,
  "qrf_part_min_w_per_m3": 406579.2801442664,
  "qrf_part_mean_w_per_m3": 1202203.8848139143,
  "qrf_part_p95_w_per_m3": 1722901.8356540138,
  "qrf_part_p99_w_per_m3": 11923823.070030903,
  "qrf_part_max_w_per_m3": 24781381.568582196,
  "frac_part_at_qrf_cap_final": 0.0,
  "frac_part_at_temp_cap": 0.0,
  "ui_abs_part_final": 0.023971572669160602,
  "ui_rms_part_final": 0.03128763907661718,
  "mean_phi_part_final": 0.644716225565674,
  "frac_part_phi_gt_0p1_final": 0.8520782396088019,
  "frac_part_phi_gt_0p5_final": 0.7078239608801956,
  "mean_rho_rel_part_final": 0.6205512148112019,
  "energy_conv_loss_total_J_per_m": 520.8387310330497,
  "energy_stored_part_final_J_per_m": 190312.49629574077,
  "energy_balance_residual_final_J_per_m": -10833.335026773828,
  "mean_dens_rate_part_final_per_s": 0.0011570066686154954,
  "mean_kdens_ss_part_final_per_s": 1.5238670974141566e-08,
  "mean_kdens_liq_part_final_per_s": 0.0047386715663371385,
  "max_dT_raw_final_c": 0.044164999911889116,
  "max_dT_used_final_c": 0.044164999911889116,
  "frac_cells_dT_clipped_final": 0.0,
  "frac_cells_dT_clipped_mean": 1.1342592592592592e-05,
  "time_final_s": 360.0,
  "turntable_rotations": [
    {
      "cum_angle_deg": 90.0,
      "event_time_s": 72.0,
      "event_time_min": 1.2
    },
    {
      "cum_angle_deg": 180.0,
      "event_time_s": 144.0,
      "event_time_min": 2.4
    },
    {
      "cum_angle_deg": 270.0,
      "event_time_s": 216.0,
      "event_time_min": 3.6
    },
    {
      "cum_angle_deg": 360.0,
      "event_time_s": 288.0,
      "event_time_min": 4.8
    }
  ],
  "turntable_total_rotation_deg": 360.0
}