{
  "grid": {
    "nx": 120,
    "ny": 120,
    "dx_m": 0.0005042016806722678,
    "dy_m": 0.0005042016806722678
  },
  "thermal_substeps_per_step": 5,
  "thermal_dt_sub_s": 0.1,
  "integrated_power_doped_W_per_m": 499.99999999999994,
  "target_power_doped_W_per_m": 500.0,
  "qrf_scale_applied_final": 9.13950165018526,
  "generator_power_w": 500.0,
  "generator_transfer_efficiency": 0.02,
  "effective_depth_m": 0.02,
  "energy_doped_total_J_per_m": 179999.99999999997,
  "mean_T_part_final_c": 181.00226918404644,
  "max_T_part_final_c": 187.91872691271644,
  "p95_T_part_final_c": 186.11536004088157,
  "p99_T_part_final_c": 186.71866383399174,
  "phase_transition_lo_c": 175.0,
  "phase_transition_hi_c": 185.0,
  "melt_reference_c": 180.0,
  "frac_part_ge_transition_lo": 0.8753056234718827,
  "frac_part_ge_transition_hi": 0.14364303178484109,
  "frac_part_ge_melt_ref": 0.7072127139364304,
  "qrf_global_min_w_per_m3": 0.0,
  "qrf_global_mean_w_per_m3": 136583.71913580302,
  "qrf_global_max_w_per_m3": 24781381.568582196,
  "qrf_part_min_w_per_m3": 406579.2801442664,
  "qrf_part_mean_w_per_m3": 1202203.8848139143,
  "qrf_part_p95_w_per_m3": 1722901.8356540138,
  "qrf_part_p99_w_per_m3": 11923823.070030903,
  "qrf_part_max_w_per_m3": 24781381.568582196,
  "frac_part_at_qrf_cap_final": 0.0,
  "frac_part_at_temp_cap": 0.0,
  "ui_abs_part_final": 0.023998461814976536,
  "ui_rms_part_final": 0.03133114544331011,
  "mean_phi_part_final": 0.6445138116736886,
  "frac_part_phi_gt_0p1_final": 0.843520782396088,
  "frac_part_phi_gt_0p5_final": 0.7072127139364304,
  "mean_rho_rel_part_final": 0.6182126544683485,
  "energy_conv_loss_total_J_per_m": 537.3443051393866,
  "energy_stored_part_final_J_per_m": 190173.63803052076,
  "energy_balance_residual_final_J_per_m": -10710.98233566017,
  "mean_dens_rate_part_final_per_s": 0.0011613913451839959,
  "mean_kdens_ss_part_final_per_s": 1.5186473408958922e-08,
  "mean_kdens_liq_part_final_per_s": 0.004718243100506313,
  "max_dT_raw_final_c": 0.04005683823588781,
  "max_dT_used_final_c": 0.04005683823588781,
  "frac_cells_dT_clipped_final": 0.0,
  "frac_cells_dT_clipped_mean": 0.0,
  "time_final_s": 360.0
}