{
  "circle": {
    "base_w_mm": 20.0,
    "base_A_mm2": 315.23197514299704,
    "scale": 1.0030896358973231,
    "new_w_mm": 20.061792717946464,
    "new_h_mm": 20.061792717946464,
    "new_A_mm2": 315.23197514299704,
    "thin_mm": 4.033613445378142
  },
  "square": {
    "base_w_mm": 20.0,
    "base_A_mm2": 406.7509356683833,
    "scale": 0.8624354107485339,
    "new_w_mm": 17.248708214970677,
    "new_h_mm": 17.248708214970677,
    "new_A_mm2": 329.46825789139046,
    "thin_mm": 17.142857142857103
  },
  "hexagon": {
    "base_w_mm": 20.0,
    "base_A_mm2": 258.2868441494234,
    "scale": 1.0974560779579072,
    "new_w_mm": 21.949121559158144,
    "new_h_mm": 21.949121559158144,
    "new_A_mm2": 314.2150978038261,
    "thin_mm": 2.016806722689071
  },
  "pentagon": {
    "base_w_mm": 20.0,
    "base_A_mm2": 236.42398135724778,
    "scale": 1.1527341862572769,
    "new_w_mm": 23.054683725145537,
    "new_h_mm": 23.054683725145537,
    "new_A_mm2": 312.6897817950697,
    "thin_mm": 0.5042016806722678
  },
  "ellipse": {
    "base_w_mm": 20.0,
    "base_A_mm2": 189.13918508579823,
    "scale": 1.2949831515278645,
    "new_w_mm": 25.89966303055729,
    "new_h_mm": 15.539797818334373,
    "new_A_mm2": 314.2150978038261,
    "thin_mm": 2.016806722689071
  },
  "octagon": {
    "base_w_mm": 20.0,
    "base_A_mm2": 273.5400042369878,
    "scale": 1.058204427035222,
    "new_w_mm": 21.16408854070444,
    "new_h_mm": 21.16408854070444,
    "new_A_mm2": 311.1644657863132,
    "thin_mm": 9.07563025210082
  },
  "triangle": {
    "base_w_mm": 20.0,
    "base_A_mm2": 203.37546783419165,
    "scale": 1.2367432469291064,
    "new_w_mm": 24.734864938582128,
    "new_h_mm": 24.734864938582128,
    "new_A_mm2": 317.77416849092447,
    "thin_mm": 0.5042016806722678
  },
  "diamond": {
    "base_w_mm": 20.0,
    "base_A_mm2": 412.85219970340904,
    "scale": 0.8701110222427743,
    "new_w_mm": 17.402220444855484,
    "new_h_mm": 17.402220444855484,
    "new_A_mm2": 330.4851352305614,
    "thin_mm": 1.0084033613445356
  },
  "equilateral_triangle": {
    "base_w_mm": 20.0,
    "base_A_mm2": 171.34383165030647,
    "scale": 1.3540686994538491,
    "new_w_mm": 27.081373989076983,
    "new_h_mm": 27.081373989076983,
    "new_A_mm2": 313.7066591342406,
    "thin_mm": 1.0084033613445356
  },
  "star": {
    "base_w_mm": 22.0,
    "base_A_mm2": 137.78687945766484,
    "scale": 1.529777989482405,
    "new_w_mm": 33.65511576861291,
    "new_h_mm": 33.65511576861291,
    "new_A_mm2": 314.2150978038261,
    "thin_mm": 0.5042016806722678
  },
  "L_shape": {
    "base_w_mm": 20.0,
    "base_A_mm2": 274.30266224136597,
    "scale": 1.0701876256529224,
    "new_w_mm": 21.403752513058446,
    "new_h_mm": 29.965253518281827,
    "new_A_mm2": 313.19822046465515,
    "thin_mm": 7.0588235294117485
  },
  "cross": {
    "base_w_mm": 22.0,
    "base_A_mm2": 263.3712308452782,
    "scale": 1.0787158416659723,
    "new_w_mm": 23.73174851665139,
    "new_h_mm": 23.73174851665139,
    "new_A_mm2": 309.1307111079713,
    "thin_mm": 8.067226890756285
  },
  "T_shape": {
    "base_w_mm": 24.0,
    "base_A_mm2": 280.65814561118447,
    "scale": 1.092364703709561,
    "new_w_mm": 26.216752889029465,
    "new_h_mm": 30.586211703867704,
    "new_A_mm2": 315.23197514299704,
    "thin_mm": 6.050420168067213
  }
}