{
  "grid": {
    "nx": 120,
    "ny": 120,
    "dx_m": 0.0005042016806722678,
    "dy_m": 0.0005042016806722678
  },
  "thermal_substeps_per_step": 5,
  "thermal_dt_sub_s": 0.1,
  "integrated_power_doped_W_per_m": 500.0,
  "target_power_doped_W_per_m": 500.0,
  "qrf_scale_applied_final": 8.285026578168075,
  "generator_power_w": 500.0,
  "generator_transfer_efficiency": 0.02,
  "effective_depth_m": 0.02,
  "energy_doped_total_J_per_m": 180000.0,
  "mean_T_part_final_c": 181.56567050953936,
  "max_T_part_final_c": 230.98043989121763,
  "p95_T_part_final_c": 184.47289232067337,
  "p99_T_part_final_c": 205.30488698011936,
  "phase_transition_lo_c": 175.0,
  "phase_transition_hi_c": 185.0,
  "melt_reference_c": 180.0,
  "frac_part_ge_transition_lo": 0.9051724137931034,
  "frac_part_ge_transition_hi": 0.046798029556650245,
  "frac_part_ge_melt_ref": 0.7315270935960592,
  "qrf_global_min_w_per_m3": 0.0,
  "qrf_global_mean_w_per_m3": 136583.71913580305,
  "qrf_global_max_w_per_m3": 63436251.674096145,
  "qrf_part_min_w_per_m3": 109838.4382008763,
  "qrf_part_mean_w_per_m3": 1211087.164750963,
  "qrf_part_p95_w_per_m3": 2821029.2058021654,
  "qrf_part_p99_w_per_m3": 9862272.459460847,
  "qrf_part_max_w_per_m3": 63436251.674096145,
  "frac_part_at_qrf_cap_final": 0.0,
  "frac_part_at_temp_cap": 0.0,
  "ui_abs_part_final": 0.021821256691534403,
  "ui_rms_part_final": 0.0386327698704439,
  "mean_phi_part_final": 0.6349550026939443,
  "frac_part_phi_gt_0p1_final": 0.8866995073891626,
  "frac_part_phi_gt_0p5_final": 0.7315270935960592,
  "mean_rho_rel_part_final": 0.6205617720727896,
  "energy_conv_loss_total_J_per_m": 821.019799150209,
  "energy_stored_part_final_J_per_m": 185754.2993014728,
  "energy_balance_residual_final_J_per_m": -6575.319100623019,
  "mean_dens_rate_part_final_per_s": 0.0011899189984882258,
  "mean_kdens_ss_part_final_per_s": 1.5514659772581872e-08,
  "mean_kdens_liq_part_final_per_s": 0.004861052961680564,
  "max_dT_raw_final_c": 0.08143343575977496,
  "max_dT_used_final_c": 0.08143343575977496,
  "frac_cells_dT_clipped_final": 0.0,
  "frac_cells_dT_clipped_mean": 0.0,
  "time_final_s": 360.0,
  "turntable_rotations": [
    {
      "cum_angle_deg": 45.0,
      "event_time_s": 40.0,
      "event_time_min": 0.6667
    },
    {
      "cum_angle_deg": 90.0,
      "event_time_s": 80.0,
      "event_time_min": 1.3333
    },
    {
      "cum_angle_deg": 135.0,
      "event_time_s": 120.0,
      "event_time_min": 2.0
    },
    {
      "cum_angle_deg": 180.0,
      "event_time_s": 160.0,
      "event_time_min": 2.6667
    },
    {
      "cum_angle_deg": 225.0,
      "event_time_s": 200.0,
      "event_time_min": 3.3333
    },
    {
      "cum_angle_deg": 270.0,
      "event_time_s": 240.0,
      "event_time_min": 4.0
    },
    {
      "cum_angle_deg": 315.0,
      "event_time_s": 280.0,
      "event_time_min": 4.6667
    },
    {
      "cum_angle_deg": 360.0,
      "event_time_s": 320.0,
      "event_time_min": 5.3333
    }
  ],
  "turntable_total_rotation_deg": 360.0
}