{
  "grid": {
    "nx": 120,
    "ny": 120,
    "dx_m": 0.0005042016806722678,
    "dy_m": 0.0005042016806722678
  },
  "thermal_substeps_per_step": 5,
  "thermal_dt_sub_s": 0.1,
  "integrated_power_doped_W_per_m": 500.0000000000001,
  "target_power_doped_W_per_m": 500.0,
  "qrf_scale_applied_final": 4.4012874932946975,
  "generator_power_w": 500.0,
  "generator_transfer_efficiency": 0.02,
  "effective_depth_m": 0.02,
  "energy_doped_total_J_per_m": 240000.0,
  "mean_T_part_final_c": 224.34860459980828,
  "max_T_part_final_c": 268.032507196227,
  "p95_T_part_final_c": 262.58135815878694,
  "p99_T_part_final_c": 266.9921930175564,
  "phase_transition_lo_c": 175.0,
  "phase_transition_hi_c": 185.0,
  "melt_reference_c": 180.0,
  "frac_part_ge_transition_lo": 0.9833178869323448,
  "frac_part_ge_transition_hi": 0.9026876737720111,
  "frac_part_ge_melt_ref": 0.963855421686747,
  "qrf_global_min_w_per_m3": 0.0,
  "qrf_global_mean_w_per_m3": 136583.71913580305,
  "qrf_global_max_w_per_m3": 40289180.98549098,
  "qrf_part_min_w_per_m3": 123436.35857375275,
  "qrf_part_mean_w_per_m3": 1822804.0366594666,
  "qrf_part_p95_w_per_m3": 3867408.6750507434,
  "qrf_part_p99_w_per_m3": 9448170.587880807,
  "qrf_part_max_w_per_m3": 40289180.98549098,
  "frac_part_at_qrf_cap_final": 0.0,
  "frac_part_at_temp_cap": 0.0,
  "ui_abs_part_final": 0.10573642114487464,
  "ui_rms_part_final": 0.126405106143897,
  "mean_phi_part_final": 0.95627747328819,
  "frac_part_phi_gt_0p1_final": 0.9814643188137164,
  "frac_part_phi_gt_0p5_final": 0.963855421686747,
  "mean_rho_rel_part_final": 0.8986188988148058,
  "energy_conv_loss_total_J_per_m": 2393.4987192884887,
  "energy_stored_part_final_J_per_m": 204215.20893547244,
  "energy_balance_residual_final_J_per_m": 33391.29234523905,
  "mean_dens_rate_part_final_per_s": 0.0008210475191682762,
  "mean_kdens_ss_part_final_per_s": 5.212466844632829e-08,
  "mean_kdens_liq_part_final_per_s": 0.022963823251713405,
  "max_dT_raw_final_c": 0.2791419738072765,
  "max_dT_used_final_c": 0.2791419738072765,
  "frac_cells_dT_clipped_final": 0.0,
  "frac_cells_dT_clipped_mean": 0.0,
  "time_final_s": 480.0,
  "turntable_rotations": [
    {
      "cum_angle_deg": 45.0,
      "event_time_s": 28.0,
      "event_time_min": 0.4667
    },
    {
      "cum_angle_deg": 90.0,
      "event_time_s": 56.0,
      "event_time_min": 0.9333
    },
    {
      "cum_angle_deg": 135.0,
      "event_time_s": 84.0,
      "event_time_min": 1.4
    },
    {
      "cum_angle_deg": 180.0,
      "event_time_s": 112.0,
      "event_time_min": 1.8667
    },
    {
      "cum_angle_deg": 225.0,
      "event_time_s": 140.0,
      "event_time_min": 2.3333
    },
    {
      "cum_angle_deg": 270.0,
      "event_time_s": 168.0,
      "event_time_min": 2.8
    },
    {
      "cum_angle_deg": 315.0,
      "event_time_s": 196.0,
      "event_time_min": 3.2667
    },
    {
      "cum_angle_deg": 360.0,
      "event_time_s": 224.0,
      "event_time_min": 3.7333
    },
    {
      "cum_angle_deg": 405.0,
      "event_time_s": 252.0,
      "event_time_min": 4.2
    },
    {
      "cum_angle_deg": 450.0,
      "event_time_s": 280.0,
      "event_time_min": 4.6667
    },
    {
      "cum_angle_deg": 495.0,
      "event_time_s": 308.0,
      "event_time_min": 5.1333
    },
    {
      "cum_angle_deg": 540.0,
      "event_time_s": 336.0,
      "event_time_min": 5.6
    },
    {
      "cum_angle_deg": 585.0,
      "event_time_s": 364.0,
      "event_time_min": 6.0667
    },
    {
      "cum_angle_deg": 630.0,
      "event_time_s": 392.0,
      "event_time_min": 6.5333
    },
    {
      "cum_angle_deg": 675.0,
      "event_time_s": 420.0,
      "event_time_min": 7.0
    },
    {
      "cum_angle_deg": 720.0,
      "event_time_s": 448.0,
      "event_time_min": 7.4667
    }
  ],
  "turntable_total_rotation_deg": 720.0
}