{
  "grid": {
    "nx": 120,
    "ny": 120,
    "dx_m": 0.0005042016806722678,
    "dy_m": 0.0005042016806722678
  },
  "thermal_substeps_per_step": 5,
  "thermal_dt_sub_s": 0.1,
  "integrated_power_doped_W_per_m": 500.0000000000001,
  "target_power_doped_W_per_m": 500.0,
  "qrf_scale_applied_final": 7.046500944631747,
  "generator_power_w": 500.0,
  "generator_transfer_efficiency": 0.02,
  "effective_depth_m": 0.02,
  "energy_doped_total_J_per_m": 180000.0,
  "mean_T_part_final_c": 180.27752693474133,
  "max_T_part_final_c": 218.23582138268694,
  "p95_T_part_final_c": 195.87997664727607,
  "p99_T_part_final_c": 206.71129819464667,
  "phase_transition_lo_c": 175.0,
  "phase_transition_hi_c": 185.0,
  "melt_reference_c": 180.0,
  "frac_part_ge_transition_lo": 0.8348567946374162,
  "frac_part_ge_transition_hi": 0.13528336380255943,
  "frac_part_ge_melt_ref": 0.5923217550274223,
  "qrf_global_min_w_per_m3": 0.0,
  "qrf_global_mean_w_per_m3": 136583.71913580308,
  "qrf_global_max_w_per_m3": 25977408.31401639,
  "qrf_part_min_w_per_m3": 304786.9747997356,
  "qrf_part_mean_w_per_m3": 1198540.8626176505,
  "qrf_part_p95_w_per_m3": 3513468.244762134,
  "qrf_part_p99_w_per_m3": 9903725.250984479,
  "qrf_part_max_w_per_m3": 25977408.31401639,
  "frac_part_at_qrf_cap_final": 0.0,
  "frac_part_at_temp_cap": 0.0,
  "ui_abs_part_final": 0.03316774669685014,
  "ui_rms_part_final": 0.05246056591374912,
  "mean_phi_part_final": 0.5150958997030503,
  "frac_part_phi_gt_0p1_final": 0.7946374162096282,
  "frac_part_phi_gt_0p5_final": 0.5923217550274223,
  "mean_rho_rel_part_final": 0.6045230671637368,
  "energy_conv_loss_total_J_per_m": 652.3722536634863,
  "energy_stored_part_final_J_per_m": 165781.747614108,
  "energy_balance_residual_final_J_per_m": 13565.880132228514,
  "mean_dens_rate_part_final_per_s": 0.0009614913427789396,
  "mean_kdens_ss_part_final_per_s": 1.5107139059370427e-08,
  "mean_kdens_liq_part_final_per_s": 0.004716164419819108,
  "max_dT_raw_final_c": 0.05132902099900773,
  "max_dT_used_final_c": 0.05132902099900773,
  "frac_cells_dT_clipped_final": 0.0,
  "frac_cells_dT_clipped_mean": 0.0,
  "time_final_s": 360.0
}