{
  "grid": {
    "nx": 120,
    "ny": 120,
    "dx_m": 0.0005042016806722678,
    "dy_m": 0.0005042016806722678
  },
  "thermal_substeps_per_step": 5,
  "thermal_dt_sub_s": 0.1,
  "integrated_power_doped_W_per_m": 500.0,
  "target_power_doped_W_per_m": 500.0,
  "qrf_scale_applied_final": 6.030362118027846,
  "generator_power_w": 500.0,
  "generator_transfer_efficiency": 0.02,
  "effective_depth_m": 0.02,
  "energy_doped_total_J_per_m": 300000.0,
  "mean_T_part_final_c": 219.9675362433505,
  "max_T_part_final_c": 272.54239738729996,
  "p95_T_part_final_c": 266.17420159738407,
  "p99_T_part_final_c": 271.363227663368,
  "phase_transition_lo_c": 175.0,
  "phase_transition_hi_c": 185.0,
  "melt_reference_c": 180.0,
  "frac_part_ge_transition_lo": 0.9481000926784059,
  "frac_part_ge_transition_hi": 0.8619091751621872,
  "frac_part_ge_melt_ref": 0.907321594068582,
  "qrf_global_min_w_per_m3": 0.0,
  "qrf_global_mean_w_per_m3": 136583.71913580302,
  "qrf_global_max_w_per_m3": 21675095.857981075,
  "qrf_part_min_w_per_m3": 221503.10266477845,
  "qrf_part_mean_w_per_m3": 1822804.036659466,
  "qrf_part_p95_w_per_m3": 3691706.918413045,
  "qrf_part_p99_w_per_m3": 4832261.730035196,
  "qrf_part_max_w_per_m3": 21675095.857981075,
  "frac_part_at_qrf_cap_final": 0.0,
  "frac_part_at_temp_cap": 0.0,
  "ui_abs_part_final": 0.12109172863944316,
  "ui_rms_part_final": 0.1445630540195021,
  "mean_phi_part_final": 0.9065436663949463,
  "frac_part_phi_gt_0p1_final": 0.9416126042632067,
  "frac_part_phi_gt_0p5_final": 0.907321594068582,
  "mean_rho_rel_part_final": 0.8830224187634765,
  "energy_conv_loss_total_J_per_m": 2583.0010573074164,
  "energy_stored_part_final_J_per_m": 194631.1688768529,
  "energy_balance_residual_final_J_per_m": 102785.83006583969,
  "mean_dens_rate_part_final_per_s": 0.000618631905110249,
  "mean_kdens_ss_part_final_per_s": 4.90248683947126e-08,
  "mean_kdens_liq_part_final_per_s": 0.02158169907505093,
  "max_dT_raw_final_c": 0.3349465029655012,
  "max_dT_used_final_c": 0.3349465029655012,
  "frac_cells_dT_clipped_final": 0.0,
  "frac_cells_dT_clipped_mean": 6.157407407407408e-05,
  "time_final_s": 600.0,
  "turntable_rotations": [
    {
      "cum_angle_deg": 45.0,
      "event_time_s": 85.5,
      "event_time_min": 1.425
    },
    {
      "cum_angle_deg": 90.0,
      "event_time_s": 171.0,
      "event_time_min": 2.85
    },
    {
      "cum_angle_deg": 135.0,
      "event_time_s": 256.5,
      "event_time_min": 4.275
    },
    {
      "cum_angle_deg": 180.0,
      "event_time_s": 342.0,
      "event_time_min": 5.7
    },
    {
      "cum_angle_deg": 225.0,
      "event_time_s": 427.5,
      "event_time_min": 7.125
    },
    {
      "cum_angle_deg": 270.0,
      "event_time_s": 513.0,
      "event_time_min": 8.55
    }
  ],
  "turntable_total_rotation_deg": 270.0
}