{
  "grid": {
    "nx": 120,
    "ny": 120,
    "dx_m": 0.0005042016806722678,
    "dy_m": 0.0005042016806722678
  },
  "thermal_substeps_per_step": 5,
  "thermal_dt_sub_s": 0.1,
  "integrated_power_doped_W_per_m": 500.00000000000006,
  "target_power_doped_W_per_m": 500.0,
  "qrf_scale_applied_final": 7.971910755811144,
  "generator_power_w": 500.0,
  "generator_transfer_efficiency": 0.02,
  "effective_depth_m": 0.02,
  "energy_doped_total_J_per_m": 180000.0,
  "mean_T_part_final_c": 181.19265792923224,
  "max_T_part_final_c": 197.40581463230438,
  "p95_T_part_final_c": 186.50161775609521,
  "p99_T_part_final_c": 191.06760049284233,
  "phase_transition_lo_c": 175.0,
  "phase_transition_hi_c": 185.0,
  "melt_reference_c": 180.0,
  "frac_part_ge_transition_lo": 0.9275,
  "frac_part_ge_transition_hi": 0.0675,
  "frac_part_ge_melt_ref": 0.83,
  "qrf_global_min_w_per_m3": 0.0,
  "qrf_global_mean_w_per_m3": 136583.71913580305,
  "qrf_global_max_w_per_m3": 44927364.388857946,
  "qrf_part_min_w_per_m3": 349543.51842461526,
  "qrf_part_mean_w_per_m3": 1229253.4722222276,
  "qrf_part_p95_w_per_m3": 6639330.477910994,
  "qrf_part_p99_w_per_m3": 9634469.289392333,
  "qrf_part_max_w_per_m3": 44927364.388857946,
  "frac_part_at_qrf_cap_final": 0.0,
  "frac_part_at_temp_cap": 0.0,
  "ui_abs_part_final": 0.014628082330070175,
  "ui_rms_part_final": 0.02546132444829199,
  "mean_phi_part_final": 0.6280925991520726,
  "frac_part_phi_gt_0p1_final": 0.9125,
  "frac_part_phi_gt_0p5_final": 0.83,
  "mean_rho_rel_part_final": 0.6103240032016402,
  "energy_conv_loss_total_J_per_m": 605.8858381323695,
  "energy_stored_part_final_J_per_m": 179538.64605663272,
  "energy_balance_residual_final_J_per_m": -144.53189476509579,
  "mean_dens_rate_part_final_per_s": 0.0011593561787553869,
  "mean_kdens_ss_part_final_per_s": 1.5230622998669842e-08,
  "mean_kdens_liq_part_final_per_s": 0.004731595176433126,
  "max_dT_raw_final_c": 0.03972882101585237,
  "max_dT_used_final_c": 0.03972882101585237,
  "frac_cells_dT_clipped_final": 0.0,
  "frac_cells_dT_clipped_mean": 0.0,
  "time_final_s": 360.0
}