{
  "grid": {
    "nx": 120,
    "ny": 120,
    "dx_m": 0.0005042016806722678,
    "dy_m": 0.0005042016806722678
  },
  "thermal_substeps_per_step": 5,
  "thermal_dt_sub_s": 0.1,
  "integrated_power_doped_W_per_m": 500.0000000000001,
  "target_power_doped_W_per_m": 500.0,
  "qrf_scale_applied_final": 13.180046550674984,
  "generator_power_w": 500.0,
  "generator_transfer_efficiency": 0.02,
  "effective_depth_m": 0.02,
  "energy_doped_total_J_per_m": 180000.0,
  "mean_T_part_final_c": 196.18231665929943,
  "max_T_part_final_c": 214.07217247400203,
  "p95_T_part_final_c": 213.22475677514464,
  "p99_T_part_final_c": 213.9981243834154,
  "phase_transition_lo_c": 175.0,
  "phase_transition_hi_c": 185.0,
  "melt_reference_c": 180.0,
  "frac_part_ge_transition_lo": 0.9037356321839081,
  "frac_part_ge_transition_hi": 0.7787356321839081,
  "frac_part_ge_melt_ref": 0.8462643678160919,
  "qrf_global_min_w_per_m3": 0.0,
  "qrf_global_mean_w_per_m3": 136583.71913580308,
  "qrf_global_max_w_per_m3": 21323490.23261069,
  "qrf_part_min_w_per_m3": 873135.9392910833,
  "qrf_part_mean_w_per_m3": 1412935.0255427905,
  "qrf_part_p95_w_per_m3": 1741426.8533362888,
  "qrf_part_p99_w_per_m3": 7296058.059641341,
  "qrf_part_max_w_per_m3": 21323490.23261069,
  "frac_part_at_qrf_cap_final": 0.0,
  "frac_part_at_temp_cap": 0.0,
  "ui_abs_part_final": 0.067269566004749,
  "ui_rms_part_final": 0.08232503534019417,
  "mean_phi_part_final": 0.8445710035038241,
  "frac_part_phi_gt_0p1_final": 0.8879310344827587,
  "frac_part_phi_gt_0p5_final": 0.8462643678160919,
  "mean_rho_rel_part_final": 0.7395601952701977,
  "energy_conv_loss_total_J_per_m": 500.46622251770196,
  "energy_stored_part_final_J_per_m": 213979.08944840528,
  "energy_balance_residual_final_J_per_m": -34479.555670923,
  "mean_dens_rate_part_final_per_s": 0.0016167995380171646,
  "mean_kdens_ss_part_final_per_s": 2.3971242299555797e-08,
  "mean_kdens_liq_part_final_per_s": 0.00847084668482054,
  "max_dT_raw_final_c": 0.06047915426698822,
  "max_dT_used_final_c": 0.06047915426698822,
  "frac_cells_dT_clipped_final": 0.0,
  "frac_cells_dT_clipped_mean": 0.0,
  "time_final_s": 360.0
}