{
  "grid": {
    "nx": 120,
    "ny": 120,
    "dx_m": 0.0005042016806722678,
    "dy_m": 0.0005042016806722678
  },
  "thermal_substeps_per_step": 5,
  "thermal_dt_sub_s": 0.1,
  "integrated_power_doped_W_per_m": 500.00000000000006,
  "target_power_doped_W_per_m": 500.0,
  "qrf_scale_applied_final": 3.9952367395602217,
  "generator_power_w": 500.0,
  "generator_transfer_efficiency": 0.02,
  "effective_depth_m": 0.02,
  "energy_doped_total_J_per_m": 180000.0,
  "mean_T_part_final_c": 197.20717969794237,
  "max_T_part_final_c": 264.7885668289007,
  "p95_T_part_final_c": 259.67381540437896,
  "p99_T_part_final_c": 263.6061100321296,
  "phase_transition_lo_c": 175.0,
  "phase_transition_hi_c": 185.0,
  "melt_reference_c": 180.0,
  "frac_part_ge_transition_lo": 0.6286231884057971,
  "frac_part_ge_transition_hi": 0.5742753623188406,
  "frac_part_ge_melt_ref": 0.6014492753623188,
  "qrf_global_min_w_per_m3": 0.0,
  "qrf_global_mean_w_per_m3": 136583.71913580305,
  "qrf_global_max_w_per_m3": 39568131.09330656,
  "qrf_part_min_w_per_m3": 109298.40901487503,
  "qrf_part_mean_w_per_m3": 1781526.7713365618,
  "qrf_part_p95_w_per_m3": 3514935.3285116046,
  "qrf_part_p99_w_per_m3": 9227778.912763739,
  "qrf_part_max_w_per_m3": 39568131.09330656,
  "frac_part_at_qrf_cap_final": 0.0,
  "frac_part_at_temp_cap": 0.0,
  "ui_abs_part_final": 0.22817813556997377,
  "ui_rms_part_final": 0.25681514914194464,
  "mean_phi_part_final": 0.5999102168825011,
  "frac_part_phi_gt_0p1_final": 0.6213768115942029,
  "frac_part_phi_gt_0p5_final": 0.6014492753623188,
  "mean_rho_rel_part_final": 0.7582523308726765,
  "energy_conv_loss_total_J_per_m": 733.3711994271177,
  "energy_stored_part_final_J_per_m": 147903.73954646432,
  "energy_balance_residual_final_J_per_m": 31362.889254108566,
  "mean_dens_rate_part_final_per_s": 0.0007387586210427844,
  "mean_kdens_ss_part_final_per_s": 3.6762076247760465e-08,
  "mean_kdens_liq_part_final_per_s": 0.01592534803853005,
  "max_dT_raw_final_c": 0.07921213801384641,
  "max_dT_used_final_c": 0.07921213801384641,
  "frac_cells_dT_clipped_final": 0.0,
  "frac_cells_dT_clipped_mean": 0.0,
  "time_final_s": 360.0
}