{
  "grid": {
    "nx": 120,
    "ny": 120,
    "dx_m": 0.0005042016806722678,
    "dy_m": 0.0005042016806722678
  },
  "thermal_substeps_per_step": 5,
  "thermal_dt_sub_s": 0.1,
  "integrated_power_doped_W_per_m": 500.0,
  "target_power_doped_W_per_m": 500.0,
  "qrf_scale_applied_final": 7.337725303953544,
  "generator_power_w": 500.0,
  "generator_transfer_efficiency": 0.02,
  "effective_depth_m": 0.02,
  "energy_doped_total_J_per_m": 180000.0,
  "mean_T_part_final_c": 180.9062174018942,
  "max_T_part_final_c": 193.2947573170855,
  "p95_T_part_final_c": 186.15669362160148,
  "p99_T_part_final_c": 188.6457430310435,
  "phase_transition_lo_c": 175.0,
  "phase_transition_hi_c": 185.0,
  "melt_reference_c": 180.0,
  "frac_part_ge_transition_lo": 0.8611111111111112,
  "frac_part_ge_transition_hi": 0.14583333333333334,
  "frac_part_ge_melt_ref": 0.6388888888888888,
  "qrf_global_min_w_per_m3": 0.0,
  "qrf_global_mean_w_per_m3": 136583.71913580305,
  "qrf_global_max_w_per_m3": 41577495.627667464,
  "qrf_part_min_w_per_m3": 41720.50102650389,
  "qrf_part_mean_w_per_m3": 1707296.4891975382,
  "qrf_part_p95_w_per_m3": 4220158.298789182,
  "qrf_part_p99_w_per_m3": 13498200.415872548,
  "qrf_part_max_w_per_m3": 41577495.627667464,
  "frac_part_at_qrf_cap_final": 0.0,
  "frac_part_at_temp_cap": 0.0,
  "ui_abs_part_final": 0.022522853783488672,
  "ui_rms_part_final": 0.027601108411738382,
  "mean_phi_part_final": 0.5993292051764185,
  "frac_part_phi_gt_0p1_final": 0.8229166666666666,
  "frac_part_phi_gt_0p5_final": 0.6388888888888888,
  "mean_rho_rel_part_final": 0.6103819105733651,
  "energy_conv_loss_total_J_per_m": 586.4372506263095,
  "energy_stored_part_final_J_per_m": 127726.60737247087,
  "energy_balance_residual_final_J_per_m": 51686.95537690283,
  "mean_dens_rate_part_final_per_s": 0.0011014854953020161,
  "mean_kdens_ss_part_final_per_s": 1.512026525141155e-08,
  "mean_kdens_liq_part_final_per_s": 0.004690592879614842,
  "max_dT_raw_final_c": 0.043004280419810414,
  "max_dT_used_final_c": 0.043004280419810414,
  "frac_cells_dT_clipped_final": 0.0,
  "frac_cells_dT_clipped_mean": 2.237654320987655e-05,
  "time_final_s": 360.0,
  "turntable_rotations": [
    {
      "cum_angle_deg": 90.0,
      "event_time_s": 72.0,
      "event_time_min": 1.2
    },
    {
      "cum_angle_deg": 180.0,
      "event_time_s": 144.0,
      "event_time_min": 2.4
    },
    {
      "cum_angle_deg": 270.0,
      "event_time_s": 216.0,
      "event_time_min": 3.6
    },
    {
      "cum_angle_deg": 360.0,
      "event_time_s": 288.0,
      "event_time_min": 4.8
    }
  ],
  "turntable_total_rotation_deg": 360.0
}