{
  "grid": {
    "nx": 120,
    "ny": 120,
    "dx_m": 0.0005042016806722678,
    "dy_m": 0.0005042016806722678
  },
  "thermal_substeps_per_step": 5,
  "thermal_dt_sub_s": 0.1,
  "integrated_power_doped_W_per_m": 500.0,
  "target_power_doped_W_per_m": 500.0,
  "qrf_scale_applied_final": 11.307545433842321,
  "generator_power_w": 500.0,
  "generator_transfer_efficiency": 0.02,
  "effective_depth_m": 0.02,
  "energy_doped_total_J_per_m": 180000.0,
  "mean_T_part_final_c": 192.7165263316122,
  "max_T_part_final_c": 231.81867851835128,
  "p95_T_part_final_c": 216.10893687202582,
  "p99_T_part_final_c": 227.4524225966454,
  "phase_transition_lo_c": 175.0,
  "phase_transition_hi_c": 185.0,
  "melt_reference_c": 180.0,
  "frac_part_ge_transition_lo": 0.8470254957507082,
  "frac_part_ge_transition_hi": 0.6855524079320113,
  "frac_part_ge_melt_ref": 0.7818696883852692,
  "qrf_global_min_w_per_m3": 0.0,
  "qrf_global_mean_w_per_m3": 136583.71913580305,
  "qrf_global_max_w_per_m3": 28247039.92772746,
  "qrf_part_min_w_per_m3": 751426.9598900585,
  "qrf_part_mean_w_per_m3": 1392921.781554932,
  "qrf_part_p95_w_per_m3": 1482692.8383274404,
  "qrf_part_p99_w_per_m3": 18490859.47743489,
  "qrf_part_max_w_per_m3": 28247039.92772746,
  "frac_part_at_qrf_cap_final": 0.0,
  "frac_part_at_temp_cap": 0.0,
  "ui_abs_part_final": 0.07756718136342501,
  "ui_rms_part_final": 0.0960377859647016,
  "mean_phi_part_final": 0.7777427509429691,
  "frac_part_phi_gt_0p1_final": 0.8385269121813032,
  "frac_part_phi_gt_0p5_final": 0.7818696883852692,
  "mean_rho_rel_part_final": 0.7160401883502472,
  "energy_conv_loss_total_J_per_m": 597.225716535575,
  "energy_stored_part_final_J_per_m": 203071.92788663067,
  "energy_balance_residual_final_J_per_m": -23669.153603166254,
  "mean_dens_rate_part_final_per_s": 0.001470987886631739,
  "mean_kdens_ss_part_final_per_s": 2.23207365870468e-08,
  "mean_kdens_liq_part_final_per_s": 0.007806426797544298,
  "max_dT_raw_final_c": 0.041211319875954056,
  "max_dT_used_final_c": 0.041211319875954056,
  "frac_cells_dT_clipped_final": 0.0,
  "frac_cells_dT_clipped_mean": 0.0,
  "time_final_s": 360.0
}