{
  "grid": {
    "nx": 120,
    "ny": 120,
    "dx_m": 0.0005042016806722678,
    "dy_m": 0.0005042016806722678
  },
  "thermal_substeps_per_step": 5,
  "thermal_dt_sub_s": 0.1,
  "integrated_power_doped_W_per_m": 500.0,
  "target_power_doped_W_per_m": 500.0,
  "qrf_scale_applied_final": 7.337725303953544,
  "generator_power_w": 500.0,
  "generator_transfer_efficiency": 0.02,
  "effective_depth_m": 0.02,
  "energy_doped_total_J_per_m": 180000.0,
  "mean_T_part_final_c": 189.0450152946446,
  "max_T_part_final_c": 198.84765734473785,
  "p95_T_part_final_c": 195.96598289547282,
  "p99_T_part_final_c": 196.58693035601388,
  "phase_transition_lo_c": 175.0,
  "phase_transition_hi_c": 185.0,
  "melt_reference_c": 180.0,
  "frac_part_ge_transition_lo": 1.0,
  "frac_part_ge_transition_hi": 0.7361111111111112,
  "frac_part_ge_melt_ref": 0.8576388888888888,
  "qrf_global_min_w_per_m3": 0.0,
  "qrf_global_mean_w_per_m3": 136583.71913580305,
  "qrf_global_max_w_per_m3": 41577495.627667464,
  "qrf_part_min_w_per_m3": 41720.50102650389,
  "qrf_part_mean_w_per_m3": 1707296.4891975382,
  "qrf_part_p95_w_per_m3": 4220158.298789182,
  "qrf_part_p99_w_per_m3": 13498200.415872548,
  "qrf_part_max_w_per_m3": 41577495.627667464,
  "frac_part_at_qrf_cap_final": 0.0,
  "frac_part_at_temp_cap": 0.0,
  "ui_abs_part_final": 0.03112489315030898,
  "ui_rms_part_final": 0.03671545538325437,
  "mean_phi_part_final": 0.8685333136854853,
  "frac_part_phi_gt_0p1_final": 1.0,
  "frac_part_phi_gt_0p5_final": 0.8576388888888888,
  "mean_rho_rel_part_final": 0.6862498608325345,
  "energy_conv_loss_total_J_per_m": 593.8225246108329,
  "energy_stored_part_final_J_per_m": 171516.00826619193,
  "energy_balance_residual_final_J_per_m": 7890.169209197251,
  "mean_dens_rate_part_final_per_s": 0.0016363065119079187,
  "mean_kdens_ss_part_final_per_s": 1.9002109627482383e-08,
  "mean_kdens_liq_part_final_per_s": 0.006251754588453169,
  "max_dT_raw_final_c": 0.06275012606662873,
  "max_dT_used_final_c": 0.06275012606662873,
  "frac_cells_dT_clipped_final": 0.0,
  "frac_cells_dT_clipped_mean": 0.0,
  "time_final_s": 360.0
}