{
  "grid": {
    "nx": 120,
    "ny": 120,
    "dx_m": 0.0005042016806722678,
    "dy_m": 0.0005042016806722678
  },
  "thermal_substeps_per_step": 5,
  "thermal_dt_sub_s": 0.1,
  "integrated_power_doped_W_per_m": 500.00000000000006,
  "target_power_doped_W_per_m": 500.0,
  "qrf_scale_applied_final": 13.22906210608572,
  "generator_power_w": 500.0,
  "generator_transfer_efficiency": 0.02,
  "effective_depth_m": 0.02,
  "energy_doped_total_J_per_m": 180000.0,
  "mean_T_part_final_c": 196.14671948608085,
  "max_T_part_final_c": 220.21846579341607,
  "p95_T_part_final_c": 212.89711697990177,
  "p99_T_part_final_c": 218.06881189440838,
  "phase_transition_lo_c": 175.0,
  "phase_transition_hi_c": 185.0,
  "melt_reference_c": 180.0,
  "frac_part_ge_transition_lo": 0.8961424332344213,
  "frac_part_ge_transition_hi": 0.7655786350148368,
  "frac_part_ge_melt_ref": 0.8456973293768546,
  "qrf_global_min_w_per_m3": 0.0,
  "qrf_global_mean_w_per_m3": 136583.71913580305,
  "qrf_global_max_w_per_m3": 23263251.635637138,
  "qrf_part_min_w_per_m3": 860334.7354528168,
  "qrf_part_mean_w_per_m3": 1459054.5664358784,
  "qrf_part_p95_w_per_m3": 1753049.058908774,
  "qrf_part_p99_w_per_m3": 15292220.736859603,
  "qrf_part_max_w_per_m3": 23263251.635637138,
  "frac_part_at_qrf_cap_final": 0.0,
  "frac_part_at_temp_cap": 0.0,
  "ui_abs_part_final": 0.06814676879474851,
  "ui_rms_part_final": 0.08283861432713412,
  "mean_phi_part_final": 0.8414531718579737,
  "frac_part_phi_gt_0p1_final": 0.887240356083086,
  "frac_part_phi_gt_0p5_final": 0.8456973293768546,
  "mean_rho_rel_part_final": 0.7396319596448961,
  "energy_conv_loss_total_J_per_m": 523.092613871327,
  "energy_stored_part_final_J_per_m": 206743.03572712146,
  "energy_balance_residual_final_J_per_m": -27266.128340992786,
  "mean_dens_rate_part_final_per_s": 0.0016132172498750375,
  "mean_kdens_ss_part_final_per_s": 2.3960992981535654e-08,
  "mean_kdens_liq_part_final_per_s": 0.00846704293787714,
  "max_dT_raw_final_c": 0.05964082311823818,
  "max_dT_used_final_c": 0.05964082311823818,
  "frac_cells_dT_clipped_final": 0.0,
  "frac_cells_dT_clipped_mean": 0.0,
  "time_final_s": 360.0
}