{
  "grid": {
    "nx": 120,
    "ny": 120,
    "dx_m": 0.0005042016806722678,
    "dy_m": 0.0005042016806722678
  },
  "thermal_substeps_per_step": 5,
  "thermal_dt_sub_s": 0.1,
  "integrated_power_doped_W_per_m": 500.0,
  "target_power_doped_W_per_m": 500.0,
  "qrf_scale_applied_final": 7.282774751644684,
  "generator_power_w": 500.0,
  "generator_transfer_efficiency": 0.02,
  "effective_depth_m": 0.02,
  "energy_doped_total_J_per_m": 180000.0,
  "mean_T_part_final_c": 179.87497171958486,
  "max_T_part_final_c": 186.84223360578835,
  "p95_T_part_final_c": 186.01370935373484,
  "p99_T_part_final_c": 186.64129932377875,
  "phase_transition_lo_c": 175.0,
  "phase_transition_hi_c": 185.0,
  "melt_reference_c": 180.0,
  "frac_part_ge_transition_lo": 0.9018987341772152,
  "frac_part_ge_transition_hi": 0.0949367088607595,
  "frac_part_ge_melt_ref": 0.5348101265822784,
  "qrf_global_min_w_per_m3": 0.0,
  "qrf_global_mean_w_per_m3": 136583.71913580305,
  "qrf_global_max_w_per_m3": 20839531.918959055,
  "qrf_part_min_w_per_m3": 45798.87657214102,
  "qrf_part_mean_w_per_m3": 1556017.0534458575,
  "qrf_part_p95_w_per_m3": 2700839.0006934623,
  "qrf_part_p99_w_per_m3": 12237166.455845421,
  "qrf_part_max_w_per_m3": 20839531.918959055,
  "frac_part_at_qrf_cap_final": 0.0,
  "frac_part_at_temp_cap": 0.0,
  "ui_abs_part_final": 0.020731598523564394,
  "ui_rms_part_final": 0.02595237800967424,
  "mean_phi_part_final": 0.5084027716310755,
  "frac_part_phi_gt_0p1_final": 0.8227848101265823,
  "frac_part_phi_gt_0p5_final": 0.5348101265822784,
  "mean_rho_rel_part_final": 0.5950029228800628,
  "energy_conv_loss_total_J_per_m": 553.4840715468255,
  "energy_stored_part_final_J_per_m": 125757.29391226968,
  "energy_balance_residual_final_J_per_m": 53689.2220161835,
  "mean_dens_rate_part_final_per_s": 0.0009319605305750841,
  "mean_kdens_ss_part_final_per_s": 1.467951804286089e-08,
  "mean_kdens_liq_part_final_per_s": 0.004519175007300084,
  "max_dT_raw_final_c": 0.0365335494221442,
  "max_dT_used_final_c": 0.0365335494221442,
  "frac_cells_dT_clipped_final": 0.0,
  "frac_cells_dT_clipped_mean": 3.491512345679012e-05,
  "time_final_s": 360.0,
  "turntable_rotations": [
    {
      "cum_angle_deg": 90.0,
      "event_time_s": 72.0,
      "event_time_min": 1.2
    },
    {
      "cum_angle_deg": 180.0,
      "event_time_s": 144.0,
      "event_time_min": 2.4
    },
    {
      "cum_angle_deg": 270.0,
      "event_time_s": 216.0,
      "event_time_min": 3.6
    },
    {
      "cum_angle_deg": 360.0,
      "event_time_s": 288.0,
      "event_time_min": 4.8
    }
  ],
  "turntable_total_rotation_deg": 360.0
}