{
  "grid": {
    "nx": 120,
    "ny": 120,
    "dx_m": 0.0005042016806722678,
    "dy_m": 0.0005042016806722678
  },
  "thermal_substeps_per_step": 5,
  "thermal_dt_sub_s": 0.1,
  "integrated_power_doped_W_per_m": 499.99999999999994,
  "target_power_doped_W_per_m": 500.0,
  "qrf_scale_applied_final": 7.843139569417213,
  "generator_power_w": 500.0,
  "generator_transfer_efficiency": 0.02,
  "effective_depth_m": 0.02,
  "energy_doped_total_J_per_m": 180000.0,
  "mean_T_part_final_c": 180.2312251532915,
  "max_T_part_final_c": 188.74571754894396,
  "p95_T_part_final_c": 183.3332343673188,
  "p99_T_part_final_c": 186.82587461396255,
  "phase_transition_lo_c": 175.0,
  "phase_transition_hi_c": 185.0,
  "melt_reference_c": 180.0,
  "frac_part_ge_transition_lo": 0.9019138755980861,
  "frac_part_ge_transition_hi": 0.023923444976076555,
  "frac_part_ge_melt_ref": 0.6961722488038278,
  "qrf_global_min_w_per_m3": 0.0,
  "qrf_global_mean_w_per_m3": 136583.71913580305,
  "qrf_global_max_w_per_m3": 38829268.53714892,
  "qrf_part_min_w_per_m3": 343660.80226802744,
  "qrf_part_mean_w_per_m3": 1176319.11217438,
  "qrf_part_p95_w_per_m3": 2079320.1931346364,
  "qrf_part_p99_w_per_m3": 9726594.288841315,
  "qrf_part_max_w_per_m3": 38829268.53714892,
  "frac_part_at_qrf_cap_final": 0.0,
  "frac_part_at_temp_cap": 0.0,
  "ui_abs_part_final": 0.017542231106126734,
  "ui_rms_part_final": 0.024058329115695522,
  "mean_phi_part_final": 0.5579214285134657,
  "frac_part_phi_gt_0p1_final": 0.8732057416267942,
  "frac_part_phi_gt_0p5_final": 0.6961722488038278,
  "mean_rho_rel_part_final": 0.5984796579087869,
  "energy_conv_loss_total_J_per_m": 599.6013913784695,
  "energy_stored_part_final_J_per_m": 173744.99931548326,
  "energy_balance_residual_final_J_per_m": 5655.399293138267,
  "mean_dens_rate_part_final_per_s": 0.0010320445462545912,
  "mean_kdens_ss_part_final_per_s": 1.481685556338175e-08,
  "mean_kdens_liq_part_final_per_s": 0.004570335408444563,
  "max_dT_raw_final_c": 0.0338599822590857,
  "max_dT_used_final_c": 0.0338599822590857,
  "frac_cells_dT_clipped_final": 0.0,
  "frac_cells_dT_clipped_mean": 0.0,
  "time_final_s": 360.0
}