{
  "grid": {
    "nx": 120,
    "ny": 120,
    "dx_m": 0.0005042016806722678,
    "dy_m": 0.0005042016806722678
  },
  "thermal_substeps_per_step": 5,
  "thermal_dt_sub_s": 0.1,
  "integrated_power_doped_W_per_m": 500.0,
  "target_power_doped_W_per_m": 500.0,
  "qrf_scale_applied_final": 10.871604693090863,
  "generator_power_w": 500.0,
  "generator_transfer_efficiency": 0.02,
  "effective_depth_m": 0.02,
  "energy_doped_total_J_per_m": 180000.0,
  "mean_T_part_final_c": 184.81294179382218,
  "max_T_part_final_c": 197.4202964581376,
  "p95_T_part_final_c": 196.7040909350134,
  "p99_T_part_final_c": 197.25209519017798,
  "phase_transition_lo_c": 175.0,
  "phase_transition_hi_c": 185.0,
  "melt_reference_c": 180.0,
  "frac_part_ge_transition_lo": 0.8391521197007481,
  "frac_part_ge_transition_hi": 0.4912718204488778,
  "frac_part_ge_melt_ref": 0.6870324189526185,
  "qrf_global_min_w_per_m3": 0.0,
  "qrf_global_mean_w_per_m3": 136583.71913580308,
  "qrf_global_max_w_per_m3": 35859123.639947,
  "qrf_part_min_w_per_m3": 476189.39770813624,
  "qrf_part_mean_w_per_m3": 1226188.0022166858,
  "qrf_part_p95_w_per_m3": 2344225.0509233084,
  "qrf_part_p99_w_per_m3": 3709020.918826605,
  "qrf_part_max_w_per_m3": 35859123.639947,
  "frac_part_at_qrf_cap_final": 0.0,
  "frac_part_at_temp_cap": 0.0,
  "ui_abs_part_final": 0.044085297227075076,
  "ui_rms_part_final": 0.05176012744029699,
  "mean_phi_part_final": 0.6870593559580532,
  "frac_part_phi_gt_0p1_final": 0.8241895261845387,
  "frac_part_phi_gt_0p5_final": 0.6870324189526185,
  "mean_rho_rel_part_final": 0.6502990819593135,
  "energy_conv_loss_total_J_per_m": 451.6458728925237,
  "energy_stored_part_final_J_per_m": 201496.265470458,
  "energy_balance_residual_final_J_per_m": -21947.91134335051,
  "mean_dens_rate_part_final_per_s": 0.0012828335346114286,
  "mean_kdens_ss_part_final_per_s": 1.7115796365471295e-08,
  "mean_kdens_liq_part_final_per_s": 0.0055074851025080545,
  "max_dT_raw_final_c": 0.0546061169030114,
  "max_dT_used_final_c": 0.0546061169030114,
  "frac_cells_dT_clipped_final": 0.0,
  "frac_cells_dT_clipped_mean": 0.0,
  "time_final_s": 360.0
}