{
  "grid": {
    "nx": 120,
    "ny": 120,
    "dx_m": 0.0005042016806722678,
    "dy_m": 0.0005042016806722678
  },
  "thermal_substeps_per_step": 5,
  "thermal_dt_sub_s": 0.1,
  "integrated_power_doped_W_per_m": 499.99999999999994,
  "target_power_doped_W_per_m": 500.0,
  "qrf_scale_applied_final": 8.621019484084048,
  "generator_power_w": 500.0,
  "generator_transfer_efficiency": 0.02,
  "effective_depth_m": 0.02,
  "energy_doped_total_J_per_m": 180000.0,
  "mean_T_part_final_c": 181.05859165544345,
  "max_T_part_final_c": 185.17738494322154,
  "p95_T_part_final_c": 184.42987500229378,
  "p99_T_part_final_c": 184.58776669660264,
  "phase_transition_lo_c": 175.0,
  "phase_transition_hi_c": 185.0,
  "melt_reference_c": 180.0,
  "frac_part_ge_transition_lo": 0.9082125603864735,
  "frac_part_ge_transition_hi": 0.0036231884057971015,
  "frac_part_ge_melt_ref": 0.7294685990338164,
  "qrf_global_min_w_per_m3": 0.0,
  "qrf_global_mean_w_per_m3": 136583.71913580302,
  "qrf_global_max_w_per_m3": 18966601.61871201,
  "qrf_part_min_w_per_m3": 363935.35504419886,
  "qrf_part_mean_w_per_m3": 1187684.5142243742,
  "qrf_part_p95_w_per_m3": 1980412.7959808172,
  "qrf_part_p99_w_per_m3": 10281512.216508636,
  "qrf_part_max_w_per_m3": 18966601.61871201,
  "frac_part_at_qrf_cap_final": 0.0,
  "frac_part_at_temp_cap": 0.0,
  "ui_abs_part_final": 0.018091386014659965,
  "ui_rms_part_final": 0.023641658758264766,
  "mean_phi_part_final": 0.6340986178078001,
  "frac_part_phi_gt_0p1_final": 0.8816425120772947,
  "frac_part_phi_gt_0p5_final": 0.7294685990338164,
  "mean_rho_rel_part_final": 0.6129124503686788,
  "energy_conv_loss_total_J_per_m": 557.8461457631179,
  "energy_stored_part_final_J_per_m": 188528.95314721754,
  "energy_balance_residual_final_J_per_m": -9086.799292980664,
  "mean_dens_rate_part_final_per_s": 0.0011523533909816518,
  "mean_kdens_ss_part_final_per_s": 1.516274523657849e-08,
  "mean_kdens_liq_part_final_per_s": 0.004703876424192319,
  "max_dT_raw_final_c": 0.028990657181294056,
  "max_dT_used_final_c": 0.028990657181294056,
  "frac_cells_dT_clipped_final": 0.0,
  "frac_cells_dT_clipped_mean": 0.0,
  "time_final_s": 360.0
}