{
  "grid": {
    "nx": 120,
    "ny": 120,
    "dx_m": 0.0005042016806722678,
    "dy_m": 0.0005042016806722678
  },
  "thermal_substeps_per_step": 5,
  "thermal_dt_sub_s": 0.1,
  "integrated_power_doped_W_per_m": 500.0,
  "target_power_doped_W_per_m": 500.0,
  "qrf_scale_applied_final": 7.282774751644684,
  "generator_power_w": 500.0,
  "generator_transfer_efficiency": 0.02,
  "effective_depth_m": 0.02,
  "energy_doped_total_J_per_m": 180000.0,
  "mean_T_part_final_c": 186.52575865826148,
  "max_T_part_final_c": 195.6162946395618,
  "p95_T_part_final_c": 194.57924833791668,
  "p99_T_part_final_c": 195.35398407962157,
  "phase_transition_lo_c": 175.0,
  "phase_transition_hi_c": 185.0,
  "melt_reference_c": 180.0,
  "frac_part_ge_transition_lo": 0.9968354430379747,
  "frac_part_ge_transition_hi": 0.5965189873417721,
  "frac_part_ge_melt_ref": 0.8544303797468354,
  "qrf_global_min_w_per_m3": 0.0,
  "qrf_global_mean_w_per_m3": 136583.71913580305,
  "qrf_global_max_w_per_m3": 20839531.918959055,
  "qrf_part_min_w_per_m3": 45798.87657214102,
  "qrf_part_mean_w_per_m3": 1556017.0534458575,
  "qrf_part_p95_w_per_m3": 2700839.0006934623,
  "qrf_part_p99_w_per_m3": 12237166.455845421,
  "qrf_part_max_w_per_m3": 20839531.918959055,
  "frac_part_at_qrf_cap_final": 0.0,
  "frac_part_at_temp_cap": 0.0,
  "ui_abs_part_final": 0.029338759018079346,
  "ui_rms_part_final": 0.03461211338641431,
  "mean_phi_part_final": 0.8273775720229279,
  "frac_part_phi_gt_0p1_final": 0.9462025316455697,
  "frac_part_phi_gt_0p5_final": 0.8544303797468354,
  "mean_rho_rel_part_final": 0.6650911505065255,
  "energy_conv_loss_total_J_per_m": 585.5156140482002,
  "energy_stored_part_final_J_per_m": 179267.36220083394,
  "energy_balance_residual_final_J_per_m": 147.12218511785613,
  "mean_dens_rate_part_final_per_s": 0.0015335208724499773,
  "mean_kdens_ss_part_final_per_s": 1.772677555622194e-08,
  "mean_kdens_liq_part_final_per_s": 0.005730104360104492,
  "max_dT_raw_final_c": 0.06226043607351448,
  "max_dT_used_final_c": 0.06226043607351448,
  "frac_cells_dT_clipped_final": 0.0,
  "frac_cells_dT_clipped_mean": 0.0,
  "time_final_s": 360.0
}