{
  "grid": {
    "nx": 120,
    "ny": 120,
    "dx_m": 0.0005042016806722678,
    "dy_m": 0.0005042016806722678
  },
  "thermal_substeps_per_step": 5,
  "thermal_dt_sub_s": 0.1,
  "integrated_power_doped_W_per_m": 500.0,
  "target_power_doped_W_per_m": 500.0,
  "qrf_scale_applied_final": 8.665994787588772,
  "generator_power_w": 500.0,
  "generator_transfer_efficiency": 0.02,
  "effective_depth_m": 0.02,
  "energy_doped_total_J_per_m": 180000.0,
  "mean_T_part_final_c": 181.10060375437712,
  "max_T_part_final_c": 185.38907532023916,
  "p95_T_part_final_c": 184.54138503482224,
  "p99_T_part_final_c": 184.68507536732514,
  "phase_transition_lo_c": 175.0,
  "phase_transition_hi_c": 185.0,
  "melt_reference_c": 180.0,
  "frac_part_ge_transition_lo": 0.9045893719806763,
  "frac_part_ge_transition_hi": 0.0024154589371980675,
  "frac_part_ge_melt_ref": 0.7306763285024155,
  "qrf_global_min_w_per_m3": 0.0,
  "qrf_global_mean_w_per_m3": 136583.71913580305,
  "qrf_global_max_w_per_m3": 18447400.451370135,
  "qrf_part_min_w_per_m3": 365471.4123990015,
  "qrf_part_mean_w_per_m3": 1187684.5142243744,
  "qrf_part_p95_w_per_m3": 1987644.6938851213,
  "qrf_part_p99_w_per_m3": 10319655.391930647,
  "qrf_part_max_w_per_m3": 18447400.451370135,
  "frac_part_at_qrf_cap_final": 0.0,
  "frac_part_at_temp_cap": 0.0,
  "ui_abs_part_final": 0.018345948045293072,
  "ui_rms_part_final": 0.023927379722186583,
  "mean_phi_part_final": 0.6388491307409239,
  "frac_part_phi_gt_0p1_final": 0.8804347826086957,
  "frac_part_phi_gt_0p5_final": 0.7306763285024155,
  "mean_rho_rel_part_final": 0.6140166444476254,
  "energy_conv_loss_total_J_per_m": 555.1403359185658,
  "energy_stored_part_final_J_per_m": 189647.7982648873,
  "energy_balance_residual_final_J_per_m": -10202.93860080588,
  "mean_dens_rate_part_final_per_s": 0.001158948230097653,
  "mean_kdens_ss_part_final_per_s": 1.5182242698284374e-08,
  "mean_kdens_liq_part_final_per_s": 0.004711616850711817,
  "max_dT_raw_final_c": 0.018067026944581933,
  "max_dT_used_final_c": 0.018067026944581933,
  "frac_cells_dT_clipped_final": 0.0,
  "frac_cells_dT_clipped_mean": 0.0,
  "time_final_s": 360.0
}